step,episode,ep_reward,ep_length,ep_kills,ep_max_x,healthpacks_picked,health_gained,final_health,died
111,1,361.57,111,0,0.0,2,16.0,-4.0,1
244,2,453.92,133,0,0.0,3,40.0,-4.0,1
338,3,290.07,94,0,0.0,0,0.0,-4.0,1
461,4,411.49,123,0,0.0,2,32.0,-4.0,1
640,5,646.96,179,0,0.0,4,83.0,-1.0,1
766,6,424.60,126,0,0.0,2,33.0,-3.0,1
876,7,357.26,110,0,0.0,1,8.0,-4.0,1
1010,8,458.18,134,0,0.0,2,41.0,-3.0,1
1134,9,416.15,124,0,0.0,1,16.0,-4.0,1
1229,10,294.29,95,0,0.0,0,0.0,-4.0,1
1330,11,319.57,101,0,0.0,1,8.0,-4.0,1
1453,12,412.02,123,0,0.0,2,33.0,-3.0,1
1593,13,483.42,140,0,0.0,2,50.0,-2.0,1
1695,14,323.67,102,0,0.0,1,8.0,-4.0,1
1791,15,298.51,96,0,0.0,0,0.0,-4.0,1
1892,16,319.50,101,0,0.0,1,8.0,-4.0,1
1986,17,290.11,94,0,0.0,0,0.0,-4.0,1
2101,18,378.34,115,0,0.0,1,25.0,-3.0,1
2253,19,533.77,152,0,0.0,3,56.0,-4.0,1
2373,20,399.37,120,0,0.0,1,25.0,-3.0,1
2466,21,285.90,93,0,0.0,0,0.0,-4.0,1
2562,22,298.50,96,0,0.0,0,0.0,-4.0,1
2673,23,361.55,111,0,0.0,1,16.0,-4.0,1
2790,24,386.68,117,0,0.0,1,16.0,-4.0,1
2929,25,479.10,139,0,0.0,3,48.0,-4.0,1
3064,26,462.34,135,0,0.0,3,40.0,-4.0,1
3175,27,361.51,111,0,0.0,1,16.0,-4.0,1
3275,28,315.33,100,0,0.0,1,8.0,-4.0,1
3422,29,512.44,147,0,0.0,3,58.0,-2.0,1
3558,30,466.54,136,0,0.0,3,32.0,-4.0,1
3673,31,378.37,115,0,0.0,1,25.0,-3.0,1
3808,32,462.40,135,0,0.0,3,41.0,-3.0,1
3925,33,386.77,117,0,0.0,1,25.0,-3.0,1
4018,34,285.89,93,0,0.0,0,0.0,-4.0,1
4110,35,281.66,92,0,0.0,0,0.0,-4.0,1
4214,36,332.11,104,0,0.0,1,8.0,-4.0,1
4358,37,500.23,144,0,0.0,2,49.0,-3.0,1
4469,38,361.52,111,0,0.0,1,16.0,-4.0,1
4595,39,424.54,126,0,0.0,4,32.0,-4.0,1
4807,40,785.92,212,0,0.0,6,121.0,-3.0,1
4926,41,395.14,119,0,0.0,1,25.0,-3.0,1
5021,42,294.34,95,0,0.0,0,0.0,-4.0,1
5129,43,348.95,108,0,0.0,1,16.0,-4.0,1
5241,44,365.75,112,0,0.0,2,16.0,-4.0,1
5352,45,361.52,111,0,0.0,1,8.0,-4.0,1
5492,46,483.40,140,0,0.0,2,41.0,-3.0,1
5673,47,655.82,181,0,0.0,4,91.0,-1.0,1
5767,48,290.10,94,0,0.0,0,0.0,-4.0,1
5980,49,790.35,213,0,0.0,5,124.0,0.0,1
6076,50,298.51,96,0,0.0,0,0.0,-4.0,1
6216,51,483.55,140,0,0.0,2,50.0,-2.0,1
6348,52,449.80,132,0,0.0,2,41.0,-3.0,1
6466,53,390.91,118,0,0.0,1,16.0,-4.0,1
6597,54,445.64,131,0,0.0,2,41.0,-3.0,1
6780,55,664.15,183,0,0.0,4,82.0,-2.0,1
6913,56,454.02,133,0,0.0,2,41.0,-3.0,1
7017,57,332.15,104,0,0.0,1,8.0,-4.0,1
7180,58,580.15,163,0,0.0,3,75.0,-1.0,1
7283,59,327.89,103,0,0.0,1,8.0,-4.0,1
7490,60,765.13,207,0,0.0,5,116.0,0.0,1
7634,61,500.31,144,0,0.0,2,50.0,-2.0,1
7874,62,903.45,240,0,0.0,6,141.0,-7.0,1
8055,63,655.75,181,0,0.0,4,91.0,-1.0,1
8244,64,689.49,189,0,0.0,4,100.0,0.0,1
8337,65,285.92,93,0,0.0,0,0.0,-4.0,1
8457,66,399.45,120,0,0.0,1,25.0,-3.0,1
8591,67,458.22,134,0,0.0,2,41.0,-3.0,1
8708,68,386.76,117,0,0.0,1,24.0,-4.0,1
8817,69,353.15,109,0,0.0,1,8.0,-4.0,1
8910,70,285.94,93,0,0.0,0,0.0,-4.0,1
9173,71,1000.26,263,0,0.0,7,169.0,-3.0,1
9333,72,567.55,160,0,0.0,3,58.0,-2.0,1
9459,73,424.15,126,0,0.0,2,32.0,-4.0,1
9811,74,1374.24,352,0,0.0,11,258.0,-2.0,1
10015,75,752.46,204,0,0.0,5,108.0,0.0,1
10111,76,298.55,96,0,0.0,0,0.0,-4.0,1
10262,77,529.82,151,0,0.0,3,58.0,-2.0,1
10394,78,449.89,132,0,0.0,2,33.0,-3.0,1
10615,79,823.45,221,0,0.0,5,125.0,-7.0,1
10779,80,584.44,164,0,0.0,3,75.0,-1.0,1
10919,81,483.08,140,0,0.0,3,41.0,-3.0,1
11131,82,786.14,212,0,0.0,6,124.0,0.0,1
11263,83,449.87,132,0,0.0,3,41.0,-3.0,1
11363,84,315.02,100,0,0.0,1,8.0,-4.0,1
11482,85,395.31,119,0,0.0,1,25.0,-3.0,1
11682,86,735.61,200,0,0.0,5,108.0,0.0,1
11911,87,857.62,229,0,0.0,7,132.0,0.0,1
12003,88,281.69,92,0,0.0,0,0.0,-4.0,1
12267,89,1004.66,264,0,0.0,9,169.0,-3.0,1
12358,90,277.57,91,0,0.0,0,0.0,-4.0,1
12462,91,332.05,104,0,0.0,1,8.0,-4.0,1
12578,92,382.11,116,0,0.0,2,24.0,-4.0,1
12719,93,487.14,141,0,0.0,3,41.0,-3.0,1
12837,94,390.93,118,0,0.0,2,16.0,-4.0,1
12933,95,298.45,96,0,0.0,0,0.0,-4.0,1
13035,96,323.68,102,0,0.0,1,8.0,-4.0,1
13127,97,281.70,92,0,0.0,0,0.0,-4.0,1
13239,98,365.65,112,0,0.0,1,16.0,-4.0,1
13374,99,462.36,135,0,0.0,2,41.0,-3.0,1
13489,100,378.37,115,0,0.0,1,25.0,-3.0,1
13599,101,357.33,110,0,0.0,1,16.0,-4.0,1
13694,102,294.29,95,0,0.0,0,0.0,-4.0,1
13796,103,323.69,102,0,0.0,1,8.0,-4.0,1
13899,104,327.44,103,0,0.0,1,8.0,-4.0,1
14003,105,332.05,104,0,0.0,1,8.0,-4.0,1
14112,106,353.09,109,0,0.0,1,8.0,-4.0,1
14216,107,332.05,104,0,0.0,1,8.0,-4.0,1
14310,108,290.09,94,0,0.0,0,0.0,-4.0,1
14404,109,290.04,94,0,0.0,0,0.0,-4.0,1
14520,110,382.53,116,0,0.0,2,16.0,-4.0,1
14638,111,390.89,118,0,0.0,2,16.0,-4.0,1
14742,112,332.05,104,0,0.0,1,8.0,-4.0,1
14862,113,399.30,120,0,0.0,1,25.0,-3.0,1
14970,114,348.85,108,0,0.0,1,8.0,-4.0,1
15070,115,315.32,100,0,0.0,1,8.0,-4.0,1
15170,116,315.33,100,0,0.0,1,8.0,-4.0,1
15280,117,357.29,110,0,0.0,1,8.0,-4.0,1
15373,118,285.84,93,0,0.0,0,0.0,-4.0,1
525,1,2206.77,525,0,0.0,25,528.0,100.0,0
1047,2,2192.56,522,0,0.0,23,488.0,68.0,0
1569,3,2193.69,522,0,0.0,24,496.0,92.0,0
2091,4,2192.84,522,0,0.0,24,448.0,76.0,0
2612,5,2189.96,521,0,0.0,28,496.0,100.0,0
2744,6,449.79,132,0,0.0,3,41.0,-3.0,1
3264,7,2185.51,520,0,0.0,22,512.0,100.0,0
3595,8,1286.17,331,0,0.0,11,229.0,-7.0,1
4120,9,2204.69,525,0,0.0,20,474.0,62.0,0
4643,10,2198.05,523,0,0.0,27,496.0,92.0,0
4926,11,1084.78,283,0,0.0,11,193.0,-3.0,1
5089,12,580.62,163,0,0.0,3,75.0,-1.0,1
5614,13,2205.10,525,0,0.0,22,490.0,70.0,0
5731,14,387.13,117,0,0.0,1,25.0,-3.0,1
6254,15,2198.35,523,0,0.0,30,512.0,100.0,0
6774,16,2184.16,520,0,0.0,26,482.0,70.0,0
7296,17,2193.30,522,0,0.0,25,474.0,86.0,0
7818,18,2191.24,522,0,0.0,23,472.0,44.0,0
8338,19,2184.02,520,0,0.0,26,468.0,72.0,0
8860,20,2193.74,522,0,0.0,25,504.0,92.0,0
9381,21,2189.63,521,0,0.0,26,496.0,92.0,0
9905,22,2201.60,524,0,0.0,27,496.0,84.0,0
522,1,2194.07,522,0,0.0,23,472.0,100.0,0
1047,2,2204.85,525,0,0.0,24,460.0,64.0,0
1572,3,2206.40,525,0,0.0,27,472.0,92.0,0
2092,4,2185.23,520,0,0.0,28,504.0,100.0,0
2614,5,2193.49,522,0,0.0,25,520.0,92.0,0
2946,6,1290.73,332,0,0.0,12,235.0,-1.0,1
3294,7,1358.07,348,0,0.0,13,258.0,-2.0,1
3817,8,2198.41,523,0,0.0,25,480.0,100.0,0
4109,9,1122.68,292,0,0.0,10,194.0,-2.0,1
4631,10,2194.22,522,0,0.0,24,488.0,100.0,0
5153,11,2193.38,522,0,0.0,26,480.0,84.0,0
5675,12,2193.76,522,0,0.0,26,472.0,92.0,0
5865,13,694.12,190,0,0.0,4,100.0,0.0,1
6385,14,2185.29,520,0,0.0,25,498.0,94.0,0
6907,15,2193.93,522,0,0.0,24,528.0,100.0,0
7432,16,2205.95,525,0,0.0,26,480.0,84.0,0
7957,17,2206.33,525,0,0.0,30,504.0,92.0,0
8479,18,2194.04,522,0,0.0,28,480.0,100.0,0
9003,19,2201.87,524,0,0.0,28,504.0,84.0,0
9525,20,2193.09,522,0,0.0,26,459.0,79.0,0
9617,21,281.95,92,0,0.0,0,0.0,-4.0,1
10137,22,2185.43,520,0,0.0,26,504.0,92.0,0
10662,23,2203.85,525,0,0.0,24,448.0,44.0,0
11184,24,2193.84,522,0,0.0,25,456.0,92.0,0
11653,25,1866.12,469,0,0.0,22,352.0,-4.0,1
12178,26,2206.91,525,0,0.0,30,512.0,100.0,0
12700,27,2193.27,522,0,0.0,26,480.0,76.0,0
13220,28,2185.33,520,0,0.0,30,472.0,92.0,0
13740,29,2185.31,520,0,0.0,26,488.0,92.0,0
14260,30,2185.27,520,0,0.0,26,456.0,92.0,0
14782,31,2192.68,522,0,0.0,25,456.0,68.0,0
15306,32,2202.09,524,0,0.0,27,440.0,92.0,0
15831,33,2206.41,525,0,0.0,30,496.0,92.0,0
16352,34,2189.78,521,0,0.0,25,448.0,92.0,0
16877,35,2205.95,525,0,0.0,33,480.0,84.0,0
17398,36,2189.07,521,0,0.0,28,504.0,84.0,0
17920,37,2193.49,522,0,0.0,30,512.0,92.0,0
18445,38,2204.95,525,0,0.0,23,461.0,65.0,0
18965,39,2185.84,520,0,0.0,29,464.0,100.0,0
19485,40,2184.27,520,0,0.0,26,437.0,73.0,0
20006,41,2189.54,521,0,0.0,31,472.0,92.0,0
20527,42,2188.99,521,0,0.0,27,472.0,84.0,0
20837,43,1198.38,310,0,0.0,11,212.0,0.0,1
21360,44,2197.17,523,0,0.0,30,464.0,76.0,0
21836,45,1895.62,476,0,0.0,22,352.0,-4.0,1
22357,46,2187.97,521,0,0.0,23,472.0,60.0,0
22878,47,2187.95,521,0,0.0,27,491.0,63.0,0
23338,48,1828.31,460,0,0.0,18,320.0,-4.0,1
23862,49,2200.84,524,0,0.0,25,488.0,68.0,0
24385,50,2193.95,523,0,0.0,21,442.0,22.0,0
24477,51,281.94,92,0,0.0,0,0.0,-4.0,1
24998,52,2189.97,521,0,0.0,32,488.0,100.0,0
25202,53,752.90,204,0,0.0,6,114.0,-2.0,1
25725,54,2198.16,523,0,0.0,24,520.0,100.0,0
25820,55,294.56,95,0,0.0,0,0.0,-4.0,1
26341,56,2189.24,521,0,0.0,25,473.0,85.0,0
26861,57,2184.76,520,0,0.0,26,477.0,81.0,0
27383,58,2193.31,522,0,0.0,28,481.0,85.0,0
27905,59,2193.26,522,0,0.0,27,472.0,84.0,0
28430,60,2206.41,525,0,0.0,26,512.0,92.0,0
28952,61,2193.37,522,0,0.0,29,472.0,76.0,0
29477,62,2206.90,525,0,0.0,26,496.0,100.0,0
29998,63,2189.64,521,0,0.0,30,472.0,92.0,0
30520,64,2194.36,522,0,0.0,29,472.0,100.0,0
30984,65,1845.54,464,0,0.0,23,356.0,0.0,1
31506,66,2193.28,522,0,0.0,26,464.0,84.0,0
32028,67,2193.85,522,0,0.0,33,504.0,92.0,0
32549,68,2189.63,521,0,0.0,25,520.0,100.0,0
33073,69,2202.59,524,0,0.0,24,520.0,100.0,0
33598,70,2206.20,525,0,0.0,27,480.0,92.0,0
34121,71,2198.33,523,0,0.0,32,512.0,100.0,0
34646,72,2206.63,525,0,0.0,29,512.0,100.0,0
35167,73,2189.40,521,0,0.0,30,512.0,92.0,0
35691,74,2202.46,524,0,0.0,29,496.0,100.0,0
36212,75,2189.58,521,0,0.0,27,512.0,92.0,0
36736,76,2202.52,524,0,0.0,27,440.0,100.0,0
37260,77,2201.63,524,0,0.0,30,472.0,84.0,0
37683,78,1672.69,423,0,0.0,13,317.0,-7.0,1
38105,79,1668.42,422,0,0.0,17,330.0,-2.0,1
38627,80,2193.71,522,0,0.0,25,504.0,92.0,0
39149,81,2194.20,522,0,0.0,27,488.0,100.0,0
39625,82,1895.60,476,0,0.0,21,353.0,-3.0,1
40147,83,2193.30,522,0,0.0,28,456.0,84.0,0
40672,84,2203.99,525,0,0.0,20,466.0,46.0,0
41197,85,2205.86,525,0,0.0,30,480.0,84.0,0
41714,86,2067.90,517,0,0.0,22,385.0,-3.0,1
42238,87,2200.49,524,0,0.0,23,482.0,62.0,0
42561,88,1252.97,323,0,0.0,10,224.0,-4.0,1
42694,89,454.38,133,0,0.0,2,41.0,-3.0,1
43215,90,2188.29,521,0,0.0,22,497.0,69.0,0
43736,91,2186.65,521,0,0.0,21,457.0,37.0,0
44256,92,2185.64,520,0,0.0,27,496.0,100.0,0
44781,93,2206.59,525,0,0.0,25,520.0,100.0,0
45306,94,2206.18,525,0,0.0,24,465.0,85.0,0
45826,95,2183.37,520,0,0.0,27,456.0,52.0,0
46351,96,2205.77,525,0,0.0,25,488.0,84.0,0
46874,97,2197.62,523,0,0.0,25,480.0,84.0,0
47377,98,2009.05,503,0,0.0,22,352.0,-4.0,1
47899,99,2192.57,522,0,0.0,26,448.0,68.0,0
48423,100,2201.27,524,0,0.0,30,464.0,76.0,0
48943,101,2185.33,520,0,0.0,28,472.0,92.0,0
49463,102,2185.68,520,0,0.0,25,473.0,93.0,0
49743,103,1071.99,280,0,0.0,9,168.0,-4.0,1
50268,104,2205.40,525,0,0.0,27,477.0,73.0,0
50586,105,1231.76,318,0,0.0,9,214.0,-6.0,1
51108,106,2193.13,522,0,0.0,22,464.0,76.0,0
51629,107,2189.11,521,0,0.0,26,480.0,84.0,0
52150,108,2186.79,521,0,0.0,26,435.0,39.0,0
52671,109,2189.27,521,0,0.0,33,488.0,84.0,0
53193,110,2193.64,522,0,0.0,25,480.0,92.0,0
408,1,1609.84,408,0,0.0,17,293.0,-7.0,1
524,1,2201.36,524,0,0.0,29,497.0,77.0,0
961,2,1731.67,437,0,0.0,15,348.0,0.0,1
1484,3,2196.75,523,0,0.0,26,497.0,69.0,0
2005,4,2188.81,521,0,0.0,26,492.0,80.0,0
2527,5,2193.24,522,0,0.0,26,448.0,84.0,0
3050,6,2195.73,523,0,0.0,21,472.0,52.0,0
3479,7,1698.17,429,0,0.0,19,306.0,-2.0,1
4000,8,2187.88,521,0,0.0,25,488.0,60.0,0
4523,9,2197.21,523,0,0.0,29,472.0,76.0,0
5044,10,2189.37,521,0,0.0,20,493.0,81.0,0
5256,11,786.60,212,0,0.0,5,122.0,-2.0,1
5781,12,2206.22,525,0,0.0,28,496.0,92.0,0
6301,13,2185.52,520,0,0.0,29,507.0,95.0,0
6821,14,2185.31,520,0,0.0,28,504.0,92.0,0
7342,15,2189.56,521,0,0.0,29,488.0,92.0,0
7865,16,2198.42,523,0,0.0,25,504.0,100.0,0
8389,17,2202.06,524,0,0.0,25,464.0,92.0,0
8909,18,2185.06,520,0,0.0,25,512.0,92.0,0
9431,19,2194.27,522,0,0.0,27,488.0,100.0,0
9951,20,2185.64,520,0,0.0,27,504.0,100.0,0
10473,21,2194.08,522,0,0.0,28,520.0,100.0,0
10996,22,2196.45,523,0,0.0,25,472.0,60.0,0
11520,23,2200.86,524,0,0.0,25,472.0,68.0,0
12042,24,2194.28,522,0,0.0,24,488.0,100.0,0
12336,25,1131.05,294,0,0.0,11,186.0,-2.0,1
12860,26,2202.68,524,0,0.0,26,488.0,100.0,0
13382,27,2194.09,522,0,0.0,26,496.0,100.0,0
13755,28,1463.16,373,0,0.0,15,268.0,0.0,1
14276,29,2188.01,521,0,0.0,20,482.0,62.0,0
14800,30,2202.50,524,0,0.0,28,504.0,100.0,0
15324,31,2201.09,524,0,0.0,25,497.0,69.0,0
15847,32,2197.21,523,0,0.0,25,490.0,78.0,0
16014,33,597.45,167,0,0.0,3,75.0,-1.0,1
16539,34,2206.50,525,0,0.0,26,464.0,92.0,0
17060,35,2188.16,521,0,0.0,25,472.0,60.0,0
17583,36,2198.49,523,0,0.0,23,496.0,100.0,0
17707,37,416.07,124,0,0.0,2,32.0,-4.0,1
18232,38,2204.36,525,0,0.0,26,440.0,52.0,0
18752,39,2184.90,520,0,0.0,29,496.0,84.0,0
19273,40,2189.07,521,0,0.0,27,453.0,81.0,0
19718,41,1765.62,445,0,0.0,17,316.0,0.0,1
20243,42,2206.89,525,0,0.0,28,520.0,100.0,0
20764,43,2189.30,521,0,0.0,28,464.0,84.0,0
21287,44,2195.33,523,0,0.0,26,428.0,40.0,0
21642,45,1387.20,355,0,0.0,15,251.0,-1.0,1
22165,46,2197.71,523,0,0.0,27,465.0,85.0,0
22586,47,1664.51,421,0,0.0,18,304.0,-4.0,1
23110,48,2201.41,524,0,0.0,26,472.0,76.0,0
23632,49,2193.74,522,0,0.0,29,472.0,92.0,0
24155,50,2197.92,523,0,0.0,30,488.0,92.0,0
24675,51,2184.57,520,0,0.0,31,464.0,76.0,0
25198,52,2197.89,523,0,0.0,29,472.0,92.0,0
25718,53,2184.01,520,0,0.0,28,440.0,68.0,0
26241,54,2196.19,523,0,0.0,27,453.0,57.0,0
26766,55,2206.72,525,0,0.0,27,504.0,100.0,0
27287,56,2187.10,521,0,0.0,19,457.0,45.0,0
27403,57,382.89,116,0,0.0,1,25.0,-3.0,1
27924,58,2189.49,521,0,0.0,24,472.0,92.0,0
28449,59,2203.83,525,0,0.0,28,472.0,44.0,0
28970,60,2187.99,521,0,0.0,26,444.0,64.0,0
29494,61,2200.00,524,0,0.0,26,440.0,52.0,0
30017,62,2196.97,523,0,0.0,27,456.0,68.0,0
30109,63,281.93,92,0,0.0,0,0.0,-4.0,1
30633,64,2201.83,524,0,0.0,25,472.0,84.0,0
31016,65,1504.86,383,0,0.0,13,273.0,-3.0,1
31540,66,2201.71,524,0,0.0,31,456.0,84.0,0
32065,67,2206.65,525,0,0.0,31,512.0,100.0,0
32587,68,2193.47,522,0,0.0,26,504.0,84.0,0
33110,69,2198.31,523,0,0.0,25,520.0,100.0,0
33632,70,2193.58,522,0,0.0,32,464.0,92.0,0
34154,71,2193.96,522,0,0.0,26,528.0,100.0,0
34679,72,2206.14,525,0,0.0,25,512.0,92.0,0
35199,73,2185.72,520,0,0.0,28,496.0,100.0,0
35363,74,584.86,164,0,0.0,3,75.0,-1.0,1
35887,75,2201.63,524,0,0.0,27,467.0,79.0,0
36103,76,803.40,216,0,0.0,5,116.0,0.0,1
36627,77,2202.56,524,0,0.0,25,488.0,100.0,0
37147,78,2185.87,520,0,0.0,30,504.0,100.0,0
37671,79,2202.57,524,0,0.0,24,456.0,100.0,0
38193,80,2193.81,522,0,0.0,32,504.0,92.0,0
38500,81,1185.50,307,0,0.0,9,215.0,-5.0,1
39020,82,2183.40,520,0,0.0,22,443.0,55.0,0
39185,83,588.98,165,0,0.0,3,74.0,-2.0,1
39705,84,2185.81,520,0,0.0,29,488.0,100.0,0
40226,85,2189.55,521,0,0.0,24,448.0,92.0,0
40358,86,450.19,132,0,0.0,2,41.0,-3.0,1
40563,87,757.11,205,0,0.0,5,116.0,0.0,1
41088,88,2206.99,525,0,0.0,28,512.0,100.0,0
41612,89,2200.83,524,0,0.0,26,483.0,63.0,0
42134,90,2190.28,522,0,0.0,20,437.0,33.0,0
42655,91,2189.12,521,0,0.0,22,496.0,84.0,0
43178,92,2195.86,523,0,0.0,22,472.0,52.0,0
43434,93,971.22,256,0,0.0,10,160.0,-4.0,1
43609,94,630.67,175,0,0.0,4,83.0,-1.0,1
44129,95,2185.12,520,0,0.0,24,472.0,84.0,0
44317,96,685.76,188,0,0.0,4,100.0,0.0,1
44838,97,2189.17,521,0,0.0,27,496.0,84.0,0
45360,98,2192.94,522,0,0.0,22,495.0,75.0,0
45503,99,496.34,143,0,0.0,2,41.0,-3.0,1
46028,100,2206.27,525,0,0.0,26,504.0,92.0,0
46127,101,311.36,99,0,0.0,1,8.0,-4.0,1
46647,102,2184.93,520,0,0.0,23,488.0,92.0,0
46741,103,290.32,94,0,0.0,0,0.0,-4.0,1
47265,104,2202.24,524,0,0.0,23,504.0,92.0,0
47389,105,416.52,124,0,0.0,2,33.0,-3.0,1
47911,106,2192.81,522,0,0.0,26,488.0,84.0,0
48166,107,967.09,255,0,0.0,7,144.0,-4.0,1
48690,108,2202.70,524,0,0.0,25,488.0,100.0,0
49210,109,2184.98,520,0,0.0,25,467.0,79.0,0
49735,110,2206.66,525,0,0.0,27,528.0,100.0,0
49954,111,815.83,219,0,0.0,7,120.0,-4.0,1
